Target Gene,Lead Variant,Primary eQTL Tissue,Regulatory Architecture
JAZF1,chr7_28237488_C_G_b38,Whole_Blood,Active Promoter (H3K4me3)
FTO,chr16_53814649_A_G_b38,Muscle_Skeletal,Super-Enhancer
GRB14,chr2_164562859_T_A_b38,Adipose_Visceral_Omentum,Active Promoter (H3K4me3)
CDKN2B,chr9_22030439_A_G_b38,Whole_Blood,Active Promoter (H3K4me3)
ZBED3,chr5_77088477_G_A_b38,Adipose_Visceral_Omentum,Active Promoter (H3K4me3)
VEGFA,chr6_43778432_C_T_b38,Pancreas,Active Promoter (H3K4me3)
ZFAND6,chr15_80175858_GA_G_b38,Muscle_Skeletal,Active Promoter (H3K4me3)
NOTCH2,chr1_119921542_C_T_b38,Pancreas,Active Enhancer (H3K27ac)
KLF14,chr7_130742296_G_C_b38,Adipose_Subcutaneous,Active Enhancer (H3K27ac)
IRS1,chr2_226226608_A_ATC_b38,Adipose_Subcutaneous,Super-Enhancer
GCK,chr7_44146206_C_G_b38,Adipose_Subcutaneous,Active Promoter (H3K4me3)
ADCY5,chr3_123386992_G_T_b38,Muscle_Skeletal,Active Enhancer (H3K27ac)
SUGP1,chr19_19282874_G_A_b38,Muscle_Skeletal,Active Enhancer (H3K27ac)
PROX1,chr1_213655457_G_A_b38,Pancreas,Active Enhancer (H3K27ac)
CDKAL1,chr6_21233114_T_C_b38,Muscle_Skeletal,Active Promoter (H3K4me3)
